entity1,relation,entity2
SQLIA漏洞,面向,JavaEE程序
SQLIA漏洞,破坏,WEB后台数据库
污点,传播,操作语义
污点,跨,页面
静态分析,得到,Source真实集合
应用方法,使得,过滤
静态污点,存在,污点传播路径Source
同时,执行,程序
漏洞,获得,真实污点传播路径
原型系统实现,表明,方法有效性
污点,传播,语义
网络边界,作为,网络架构边缘
网络边界安全,是,保护整个网络安全重要基础
重要基础,保护,整个网络安全
IPSecVPN,是,应用广泛安全设备
第一道防线,构建,网络防护体系
IPSecVPN中IKE协议激进模式,存在,中间人攻击脆弱性
中间人,攻击,脆弱性
IPSecVPN密钥,获取,算法
OSPF路存在路,欺骗,脆弱性
三种路,进行,对比
IPSecVPN流量,劫持,算法
实验,劫持,算法
密钥,获取,算法
计算机软件安全漏洞检测,关系,安全
目的,提高,安全检测效率
Web扫描器,是,提高网站安全性
一款,利用,爬虫
测试全程,使用,代理
下,出现,多个发现情况
这,提高,授权情况下黑盒测试下效率
爬虫,使用,多进程
技术,减少,测试需要时间
框架下防SQL,注入,登录模块
防范,成为,编程学习一部分
一部分,编程,学习
SQL注入,是,常见程序漏洞之一
摘要,是,该漏洞表现突出
安全问题,注入,漏洞
基础,分析,现有方案
该方法,利用,样本
①设计路径搜索算法,复现,崩溃路径
C-Rex,生成,漏洞
摘要,是,各国政府考虑问题
论文,为,例
web,请求,执行代码流程图
攻击代码,研究,Struts2漏洞
传统检测方法,是,包含关键字
论文,采用,SVM算法
本文,分析,ASP.NETWeb应用程序遇到网络安全漏洞
工业互联网环境下漏洞,挖掘,技术研究
摘要,搭建,关键核心工业
深度,挖掘,工业设备
漏洞,挖掘,技术
同时,提供,便利
日常网页采用HTTP协议,存在,明文传输安全漏洞
调查,采取,相应措施
产生后果,分析,明文传输敏感数据
分析明文传输敏感数据产生后果,采用,抽样分析方式
网站,使用,HTTP协议
部分网站,采用,HTTP协议传输敏感信息
HTTP协议,传输,敏感信息
部分网站,进行,加密处理
其机密机制,存在,漏洞
于浩金鑫姜元,建,高亮何晨
国家电网公司,确立,IP多媒体子系统
电力IMS网络接入问题,需要,进一步探讨
IMSAKA,接入,流程
模糊用户身份IMS网络,接入,认证算法
运算无密钥加密技术,生成,一次性标识
运算无密钥加密技术生成一次性标识,达到,身份保护目的
该算法,降低,计算成本
能力,应对,攻击
信息工程大学数学工程,计算,国家重点实验室
摘要,成为,关系稳定第五疆域
第五疆域,关系,稳定
Web,作为,安全重要组成部分
本文,迚行,研究
